insert into racing_teams_2020 values ('Scuderia Ferrari Mission Winnow', 'Italy', '15');
insert into racing_teams_2020 values ('Alfa Romeo Racing Orlen', 'Switzerland', '0');
insert into racing_teams_2020 values ('Scuderia AlphaTauri Honda', 'Italy', '0');
insert into racing_teams_2020 values ('Haas F1 Team', 'USA', '0');
insert into racing_teams_2020 values ('McLaren F1 Team', 'UK', '12');
insert into racing_teams_2020 values ('Mercedes-AMG Petronas F1 Team', 'Germany', '8');
insert into racing_teams_2020 values ('BWT Racing Point F1 Team', 'UK', '0');
insert into racing_teams_2020 values ('Aston Martin Red Bull Racing', 'Austria', '4');
insert into racing_teams_2020 values ('Renault DP World F1 Team', 'France', '2');
insert into racing_teams_2020 values (' Williams Racing', 'UK', '7');

insert into drivers_2020 values ('d1', 'Lewis', 'Hamilton', '1985-01-07', 'UK', '157', 'Mercedes-AMG Petronas F1 Team');
insert into drivers_2020 values ('d2', 'Valtteri', 'Bottas', '1989-08-28', 'Finland', '51', 'Mercedes-AMG Petronas F1 Team');
insert into drivers_2020 values ('d3', 'Max', 'Verstappen', '1997-09-30', 'Netherlands', '37', 'Aston Martin Red Bull Racing');
insert into drivers_2020 values ('d4', 'Alexander', 'Albon', '1996-03-23', 'Thailand', '0', 'Aston Martin Red Bull Racing');
insert into drivers_2020 values ('d5', 'Lance', 'Stroll', '1998-10-29', 'Canada', '2', 'BWT Racing Point F1 Team');
insert into drivers_2020 values ('d6', 'Sergio', 'Perez', '1990-01-26', 'Mexico', '8', 'BWT Racing Point F1 Team');
insert into drivers_2020 values ('d7', 'Charles', 'Leclerc', '1997-10-16', 'Monaco', '12', 'Scuderia Ferrari Mission Winnow');
insert into drivers_2020 values ('d8', 'Sebastian', 'Vettel', '1987-07-03', 'Germany', '120', 'Scuderia Ferrari Mission Winnow');
insert into drivers_2020 values ('d9', 'Carlos', 'Sainz', '1994-09-01', 'Spain', '2', 'McLaren F1 Team');
insert into drivers_2020 values ('d10', 'Lando', 'Norris', '1999-11-13', 'UK', '1', 'McLaren F1 Team');
insert into drivers_2020 values ('d11', 'Daniel', 'Ricciardo', '1989-07-01', 'Austalia', '29', 'Renault DP World F1 Team');
insert into drivers_2020 values ('d12', 'Esteban', 'Ocon', '1996-09-17', 'France', '0', 'Renault DP World F1 Team');
insert into drivers_2020 values ('d13', 'Pierre', 'Gasly', '1996-02-07', 'France', '2', 'Scuderia AlphaTauri Honda');
insert into drivers_2020 values ('d14', 'Daniil', 'Kvyat', '1994-04-26', 'Russia', '3', 'Scuderia AlphaTauri Honda');
insert into drivers_2020 values ('d15', 'Kimi', 'Raikkonen', '1979-10-17', 'Russia', '103', 'Alfa Romeo Racing Orlen');
insert into drivers_2020 values ('d16', 'Antonio', 'Giovinazzi', '1993-12-14', 'Italy', '0', 'Alfa Romeo Racing Orlen');
insert into drivers_2020 values ('d17', 'Kevin', 'Magnussen', '1992-10-05', 'Denmark', '1', 'Haas F1 Team');
insert into drivers_2020 values ('d18', 'Romain', 'Grosjean', '1986-04-17', 'France', '10', 'Haas F1 Team');
insert into drivers_2020 values ('d19', 'George', 'Russell', '1998-02-15', 'UK', '0', ' Williams Racing');
insert into drivers_2020 values ('d20', 'Nicholas', 'Latifi', '1995-06-29', 'Canada', '0', ' Williams Racing');

insert into Circuits values ('Adelaide Street Circuit', 'Adelaide, Australia', '3.780');
insert into Circuits values ('Ain-Diab Circuit', 'Casablanca, Morocco', '7.618');
insert into Circuits values ('Aintree Motor Racing Circuit', 'Aintree, United Kingdom', '4.828');
insert into Circuits values ('Albert Park Circuit', 'Melbourne, Australia', '5.303');
insert into Circuits values ('Algarve International Circuit', 'Portimão, Portugal', '4.684');
insert into Circuits values ('Autódromo do Estoril', 'Cascais, Portugal', '4.360');
insert into Circuits values ('Autodromo Enzo e Dino Ferrari', 'Imola, Italy', '4.933');
insert into Circuits values ('Autódromo Hermanos Rodríguez', 'Mexico City, Mexico', '4.304');
insert into Circuits values ('Autódromo Internacional Nelson Piquet', 'Rio de Janeiro, Brazil', '5.031');
insert into Circuits values ('Autódromo José Carlos Pace', 'São Paulo, Brazil', '4.309');
insert into Circuits values ('Autódromo Juan y Oscar Gálvez', 'Buenos Aires, Argentina', '4.259');
insert into Circuits values ('Autodromo Nazionale Monza', 'Monza, Italy', '5.793');
insert into Circuits values ('AVUS', 'Berlin, Germany', '8.300');
insert into Circuits values ('Bahrain International Circuit', 'Sakhir, Bahrain', '5.412');
insert into Circuits values ('Baku City Circuit', 'Baku, Azerbaijan', '6.003');
insert into Circuits values ('Baku City CircuitBrands Hatch', 'West Kingsdown, United Kingdom', '3.703');
insert into Circuits values ('Buddh International Circuit', 'Greater Noida, India', '5.141');
insert into Circuits values ('Bugatti Circuit', 'Le Mans, France', '4.430');
insert into Circuits values ('Caesars Palace Grand Prix Circuit', 'Las Vegas, United States', '3.650');
insert into Circuits values ('Charade Circuit', 'Saint-Genès-Champanelle, France', '8.055');
insert into Circuits values ('Circuit Bremgarten', 'Bern, Switzerland', '7.208');
insert into Circuits values ('Circuit de Barcelona-Catalunya', 'Montmeló, Spain', '4.655');
insert into Circuits values ('Circuit de Monaco', 'Monte Carlo, Monaco', '3.337');
insert into Circuits values ('Circuit de Spa-Francorchamps', 'Stavelot, Belgium', '7.004');
insert into Circuits values ('Circuito de Monsanto', 'Lisbon, Portugal', '5.440');
insert into Circuits values ('Circuit de Nevers Magny-Cours', 'Magny-Cours, France', '4.411');
insert into Circuits values ('Circuit Gilles Villeneuve', 'Montreal, Canada', '4.361');
insert into Circuits values ('Circuit Mont-Tremblant', 'Mont-Tremblant, Canada', '4.265');
insert into Circuits values ('Circuit of the Americas', 'Austin, United States', '5.513');
insert into Circuits values ('Circuit Zandvoort', 'Zandvoort, Netherlands', '4.252');
insert into Circuits values ('Circuit Paul Ricard', 'Le Castellet, France', '5.842');
insert into Circuits values ('Circuit Zolder', 'Heusden-Zolder, Belgium', '4.262');
insert into Circuits values ('Circuito da Boavista', 'Porto, Portugal', '7.775');
insert into Circuits values ('Circuito de Jerez', 'Jerez de la Frontera, Spain', '4.428');
insert into Circuits values ('Circuito del Jarama', 'San Sebastián de los Reyes, Spain', '3.404');
insert into Circuits values ('Dallas Grand Prix Circuit', 'Dallas, United States', '3.901');
insert into Circuits values ('Detroit street circuit', 'Detroit, United States', '4.168');
insert into Circuits values ('Dijon-Prenois', 'Prenois, France', '3.886');
insert into Circuits values ('Donington Park', 'Castle Donington, United Kingdom', '4.020');
insert into Circuits values ('Fuji Speedway', 'Oyama, Japan', '4.563');
insert into Circuits values ('Long Beach Street Circuit', 'Long Beach, United States', '3.275');
insert into Circuits values ('Hanoi Street Circuit', 'Hanoi, Vietnam', '5.607');
insert into Circuits values ('Hockenheimring', 'Hockenheim, Germany', '4.574');
insert into Circuits values ('Hungaroring', 'Mogyoród, Hungary', '4.381');
insert into Circuits values ('Indianapolis Motor Speedway', 'Speedway, United States', '4.192');
insert into Circuits values ('Istanbul Park', 'Istanbul, Turkey', '5.338');
insert into Circuits values ('Korea International Circuit', 'Yeongam, South Korea', '5.615');
insert into Circuits values ('Kyalami Racing Circuit', 'Midrand, South Africa', '4.200');
insert into Circuits values ('Marina Bay Street Circuit', 'Singapore', '5.063');
insert into Circuits values ('Montjuïc circuit', 'Barcelona, Spain', '3.791');
insert into Circuits values ('Mosport International Raceway', 'Bowmanville, Canada', '3.957');
insert into Circuits values ('Mugello Circuit', 'Scarperia e San Piero, Italy', '5.245');
insert into Circuits values ('Nivelles-Baulers', 'Nürburg, Germany', '5.148');
insert into Circuits values ('Pedralbes Circuit', 'Barcelona, Spain', '6.316');
insert into Circuits values ('Pescara Circuit', 'Pescara, Italy', '25.800');
insert into Circuits values ('Phoenix street circuit', 'Phoenix, United States', '3.720');
insert into Circuits values ('Prince George Circuit', 'East London, South Africa', '3.920');
insert into Circuits values ('Red Bull Ring', 'Spielberg bei Knittelfeld, Austria', '4.318');
insert into Circuits values ('Reims-Gueux', 'Gueux, France', '8.302');
insert into Circuits values ('Riverside International Raceway', 'Moreno Valley, United States', '5.271');
insert into Circuits values ('Rouen-Les-Essarts', 'Orival, France', '6.542');
insert into Circuits values ('Scandinavian Raceway', 'Anderstorp, Sweden', '4.031');
insert into Circuits values ('Sebring International Raceway', 'Sebring, United States', '8.356');
insert into Circuits values ('Sepang International Circuit', 'Sepang, Malaysia', '5.543');
insert into Circuits values ('Shanghai International Circuit', 'Shanghai, China', '5.451');
insert into Circuits values ('Silverstone Circuit', 'Silverstone, United Kingdom', '5.891');
insert into Circuits values ('Sochi Autodrom', 'Sochi, Russia', '5.848');
insert into Circuits values ('Suzuka Circuit', 'Suzuka, Japan', '5.807');
insert into Circuits values ('Okayama International Circuit', 'Mimasaka, Japan', '3.703');
insert into Circuits values ('Valencia Street Circuit', 'Valencia, Spain', '5.419');
insert into Circuits values ('Watkins Glen', 'Watkins Glen, United States', '5.430');
insert into Circuits values ('Yas Marina Circuit', 'Abu Dhabi, United Arab Emirates', '5.554');
insert into Circuits values ('Zeltweg Airfield', 'Zeltweg, Austria', '3.186');

insert into Races_2020 values ('Red Bull Ring', 'd2', '2020-07-05', '71');
insert into Races_2020 values ('Red Bull Ring', 'd1', '2020-07-12', '71');
insert into Races_2020 values ('Hungaroring', 'd1', '2020-07-19', '70');
insert into Races_2020 values ('Silverstone Circuit', 'd1', '2020-08-02', '52');
insert into Races_2020 values ('Silverstone Circuit', 'd3', '2020-08-09', '52');
insert into Races_2020 values ('Circuit de Barcelona-Catalunya', 'd1', '2020-08-16', '66');
insert into Races_2020 values ('Circuit de Spa-Francorchamps', 'd1', '2020-08-30', '44');
insert into Races_2020 values ('Autodromo Nazionale Monza', 'd13', '2020-09-30', '53');

insert into Racing_Teams_Over_the_Years values ('Alex von Falkenhausen Motorenbau', 'Germany', '0');
insert into Racing_Teams_Over_the_Years values ('Automobiles Gonfaronnaises Sportives', 'France', '0');
insert into Racing_Teams_Over_the_Years values ('Alta', 'United Kingdom', '0');
insert into Racing_Teams_Over_the_Years values ('Amon', 'New Zealand', '0');
insert into Racing_Teams_Over_the_Years values ('Andrea Moda', 'Italy', '0');
insert into Racing_Teams_Over_the_Years values ('Apollon', 'Switzerland', '0');
insert into Racing_Teams_Over_the_Years values ('Arrows', 'United Kingdom', '0');
insert into Racing_Teams_Over_the_Years values ('Arzani-Volpini', 'Italy', '0');
insert into Racing_Teams_Over_the_Years values ('Aston Butterworth', 'United Kingdom', '0');
insert into Racing_Teams_Over_the_Years values ('Aston Martin', 'United Kingdom', '0');
insert into Racing_Teams_Over_the_Years values ('Automobili Turismo e Sport', 'Italy', '0');
insert into Racing_Teams_Over_the_Years values ('ATS', 'Germany', '0');
insert into Racing_Teams_Over_the_Years values ('British American Racing', 'United Kingdom', '0');
insert into Racing_Teams_Over_the_Years values ('Behra-Porsche', 'Germany', '0');
insert into Racing_Teams_Over_the_Years values ('Bellasi', 'Switzerland', '0');
insert into Racing_Teams_Over_the_Years values ('Benetton', 'United Kingdom/Italy', '2');
insert into Racing_Teams_Over_the_Years values ('Boro', 'Netherlands', '0');
insert into Racing_Teams_Over_the_Years values ('Brabham', 'United Kingdom', '4');
insert into Racing_Teams_Over_the_Years values ('Brawn GP', 'United Kingdom', '1');
insert into Racing_Teams_Over_the_Years values ('British Racing Motors', 'United Kingdom', '1');
insert into Racing_Teams_Over_the_Years values ('British Racing Partnership', 'United Kingdom', '0');
insert into Racing_Teams_Over_the_Years values ('Bugatti', 'France', '0');
insert into Racing_Teams_Over_the_Years values ('Caterham', 'Malaysia', '0');
insert into Racing_Teams_Over_the_Years values ('Cisitalia', 'Italy', '0');
insert into Racing_Teams_Over_the_Years values ('Coloni', 'Italy', '0');
insert into Racing_Teams_Over_the_Years values ('Connaught', 'United Kingdom', '0');
insert into Racing_Teams_Over_the_Years values ('Connew', 'United Kingdom', '0');
insert into Racing_Teams_Over_the_Years values ('Cooper Car Company', 'United Kingdom', '2');
insert into Racing_Teams_Over_the_Years values ('Dallara', 'Italy', '0');
insert into Racing_Teams_Over_the_Years values ('Derrington-Francis', 'United Kingdom', '0');
insert into Racing_Teams_Over_the_Years values ('Peter de Klerk', 'South Africa', '0');
insert into Racing_Teams_Over_the_Years values ('De Tomaso', 'Italy', '0');
insert into Racing_Teams_Over_the_Years values ('Eagle', 'United States', '0');
insert into Racing_Teams_Over_the_Years values ('Eifelland', 'Germany', '0');
insert into Racing_Teams_Over_the_Years values ('Emeryson', 'United Kingdom', '0');
insert into Racing_Teams_Over_the_Years values ('Eisenacher Motorenwerk', 'East Germany', '0');
insert into Racing_Teams_Over_the_Years values ('Ecurie Nationale Belge', 'Belgium', '0');
insert into Racing_Teams_Over_the_Years values ('Ensign', 'United Kingdom', '0');
insert into Racing_Teams_Over_the_Years values ('English Racing Automobiles', 'United Kingdom', '0');
insert into Racing_Teams_Over_the_Years values ('EuroBrun', 'Italy/Switzerland', '0');
insert into Racing_Teams_Over_the_Years values ('Ferguson Research Ltd.', 'United Kingdom', '0');
insert into Racing_Teams_Over_the_Years values ('FIRST', 'Italy', '0');
insert into Racing_Teams_Over_the_Years values ('Fittipaldi Automotive', 'Brazil', '0');
insert into Racing_Teams_Over_the_Years values ('Fondmetal', 'Italy', '0');
insert into Racing_Teams_Over_the_Years values ('Racing Point Force India', 'United Kingdom', '0');
insert into Racing_Teams_Over_the_Years values ('Force India', 'India', '0');
insert into Racing_Teams_Over_the_Years values ('Forti', 'Italy', '0');
insert into Racing_Teams_Over_the_Years values ('Frank Williams Racing Cars', 'United Kingdom', '0');
insert into Racing_Teams_Over_the_Years values ('Frazer-Nash', 'United Kingdom', '0');
insert into Racing_Teams_Over_the_Years values ('Fry', 'United Kingdom', '0');
insert into Racing_Teams_Over_the_Years values ('Gilby Engineering', 'United Kingdom', '0');
insert into Racing_Teams_Over_the_Years values ('Gordini', 'France', '0');
insert into Racing_Teams_Over_the_Years values ('Greifzu', 'East Germany', '0');
insert into Racing_Teams_Over_the_Years values ('Hesketh', 'United Kingdom', '0');
insert into Racing_Teams_Over_the_Years values ('Hill', 'United Kingdom', '0');
insert into Racing_Teams_Over_the_Years values ('HRT', 'Spain', '0');
insert into Racing_Teams_Over_the_Years values ('Honda', 'Japan', '0');
insert into Racing_Teams_Over_the_Years values ('HWM', 'United Kingdom', '0');
insert into Racing_Teams_Over_the_Years values ('Jaguar', 'United Kingdom', '0');
insert into Racing_Teams_Over_the_Years values ('JBW', 'United Kingdom', '0');
insert into Racing_Teams_Over_the_Years values ('Jordan', 'Ireland', '0');
insert into Racing_Teams_Over_the_Years values ('Kauhsen', 'Germany', '0');
insert into Racing_Teams_Over_the_Years values ('Klenk', 'Germany', '0');
insert into Racing_Teams_Over_the_Years values ('Kojima', 'Japan', '0');
insert into Racing_Teams_Over_the_Years values ('Kurtis', 'United States', '0');
insert into Racing_Teams_Over_the_Years values ('Lambo', 'Italy', '0');
insert into Racing_Teams_Over_the_Years values ('Lancia', 'Italy', '0');
insert into Racing_Teams_Over_the_Years values ('Larrousse', 'France', '0');
insert into Racing_Teams_Over_the_Years values ('LDS', 'South Africa', '0');
insert into Racing_Teams_Over_the_Years values ('LEC', 'United Kingdom', '0');
insert into Racing_Teams_Over_the_Years values ('Leyton House', 'United Kingdom', '0');
insert into Racing_Teams_Over_the_Years values ('Life', 'Italy', '0');
insert into Racing_Teams_Over_the_Years values ('Ligier', 'France', '0');
insert into Racing_Teams_Over_the_Years values ('Lola', 'United Kingdom', '0');
insert into Racing_Teams_Over_the_Years values ('Lotus', 'United Kingdom', '6');
insert into Racing_Teams_Over_the_Years values ('Lyncar', 'United Kingdom', '0');
insert into Racing_Teams_Over_the_Years values ('Maki', 'Japan', '0');
insert into Racing_Teams_Over_the_Years values ('Manor', 'United Kingdom', '0');
insert into Racing_Teams_Over_the_Years values ('March', 'United Kingdom', '0');
insert into Racing_Teams_Over_the_Years values ('Martini', 'France', '0');
insert into Racing_Teams_Over_the_Years values ('Marussia', 'Russia/United Kingdom', '0');
insert into Racing_Teams_Over_the_Years values ('Maserati', 'Italy', '2');
insert into Racing_Teams_Over_the_Years values ('Marta', 'France', '1');
insert into Racing_Teams_Over_the_Years values ('MBM', 'Switzerland', '0');
insert into Racing_Teams_Over_the_Years values ('McGuire', 'Australia', '0');
insert into Racing_Teams_Over_the_Years values ('Merzario', 'Italy', '0');
insert into Racing_Teams_Over_the_Years values ('Midland', 'Russia', '0');
insert into Racing_Teams_Over_the_Years values ('Milano', 'Italy', '0');
insert into Racing_Teams_Over_the_Years values ('Minardi', 'Italy', '0');
insert into Racing_Teams_Over_the_Years values ('Onyx', 'United Kingdom', '0');
insert into Racing_Teams_Over_the_Years values ('O.S.C.A.', 'Italy', '0');
insert into Racing_Teams_Over_the_Years values ('Osella', 'Italy', '0');
insert into Racing_Teams_Over_the_Years values ('Pacific', 'United Kingdom', '0');
insert into Racing_Teams_Over_the_Years values ('Parnelli', 'United States', '0');
insert into Racing_Teams_Over_the_Years values ('Penske', 'United States', '0');
insert into Racing_Teams_Over_the_Years values ('Porsche', 'Germany', '0');
insert into Racing_Teams_Over_the_Years values ('Prost', 'France', '0');
insert into Racing_Teams_Over_the_Years values ('RAM', 'United Kingdom', '0');
insert into Racing_Teams_Over_the_Years values ('RE', 'Rhodesia', '0');
insert into Racing_Teams_Over_the_Years values ('Rebaque', 'Mexico', '0');
insert into Racing_Teams_Over_the_Years values ('Rial', 'Germany', '0');
insert into Racing_Teams_Over_the_Years values ('Sauber/BMW Sauber', 'Switzerland/Germany', '0');
insert into Racing_Teams_Over_the_Years values ('Scarab', 'United States', '0');
insert into Racing_Teams_Over_the_Years values ('Scirocco', 'United Kingdom', '0');
insert into Racing_Teams_Over_the_Years values ('Shadow', 'United States/United Kingdom', '0');
insert into Racing_Teams_Over_the_Years values ('Shannon', 'United Kingdom', '0');
insert into Racing_Teams_Over_the_Years values ('Simca-Gordini', 'France', '0');
insert into Racing_Teams_Over_the_Years values ('Simtek', 'United Kingdom', '0');
insert into Racing_Teams_Over_the_Years values ('Spirit', 'United Kingdom', '0');
insert into Racing_Teams_Over_the_Years values ('Spyker', 'Netherlands', '0');
insert into Racing_Teams_Over_the_Years values ('Stebro', 'Canada', '0');
insert into Racing_Teams_Over_the_Years values ('Stewart', 'United Kingdom', '0');
insert into Racing_Teams_Over_the_Years values ('Super Aguri', 'Japan', '0');
insert into Racing_Teams_Over_the_Years values ('Surtees', 'United Kingdom', '0');
insert into Racing_Teams_Over_the_Years values ('SVA', 'Italy', '0');
insert into Racing_Teams_Over_the_Years values ('Talbot-Lago', 'France', '0');
insert into Racing_Teams_Over_the_Years values ('Tec-Mec', 'United States', '0');
insert into Racing_Teams_Over_the_Years values ('Tecno', 'Italy', '0');
insert into Racing_Teams_Over_the_Years values ('Theodore', 'Hong Kong', '0');
insert into Racing_Teams_Over_the_Years values ('Token', 'United Kingdom', '0');
insert into Racing_Teams_Over_the_Years values ('Toleman', 'United Kingdom', '0');
insert into Racing_Teams_Over_the_Years values ('Toro Rosso', 'Italy', '0');
insert into Racing_Teams_Over_the_Years values ('Toyota', 'Japan', '0');
insert into Racing_Teams_Over_the_Years values ('Trojan', 'United Kingdom', '0');
insert into Racing_Teams_Over_the_Years values ('Tyrrell', 'United Kingdom', '2');
insert into Racing_Teams_Over_the_Years values ('Vanwall', 'United Kingdom', '0');
insert into Racing_Teams_Over_the_Years values ('Venturi', 'France', '0');
insert into Racing_Teams_Over_the_Years values ('Veritas', 'Germany', '0');
insert into Racing_Teams_Over_the_Years values ('Virgin', 'United Kingdom/Russia', '0');
insert into Racing_Teams_Over_the_Years values ('Wolf', 'Canada', '0');
insert into Racing_Teams_Over_the_Years values ('Zakspeed', 'Germany', '0');
insert into Racing_Teams_Over_the_Years values ('Alfa Romeo', 'Switzerland', '2');
insert into Racing_Teams_Over_the_Years values ('AlphaTauri', 'Italy', '0');
insert into Racing_Teams_Over_the_Years values ('Ferrari', 'Italy', '15');
insert into Racing_Teams_Over_the_Years values ('Hass', 'United States', '0');
insert into Racing_Teams_Over_the_Years values ('McLaren', 'United Kingdom', '12');
insert into Racing_Teams_Over_the_Years values ('Mercedes', 'Germany', '8');
insert into Racing_Teams_Over_the_Years values ('Racing Point', 'United Kingdom', '0');
insert into Racing_Teams_Over_the_Years values ('Red Bull', 'Austria', '4');
insert into Racing_Teams_Over_the_Years values ('Renault', 'France', '2');
insert into Racing_Teams_Over_the_Years values ('Williams', 'United Kingdom', '7');

insert into Legendary_Drivers values ('Niki', 'Lauda', 'Ferrari', '1949-02-22', '2019-05-20', 'Austria', '25', '3');
insert into Legendary_Drivers values ('Jackie', 'Stewart', 'Tyrrell', '1939-06-11', '0000-00-00', 'United Kingdom', '27', '3');
insert into Legendary_Drivers values ('Jim', 'Clark', 'Lotus', '1936-03-04', '1968-04-07', 'United Kingdom', '25', '2');
insert into Legendary_Drivers values ('Alain', 'Prost', 'Williams', '1955-02-24', '0000-00-00', 'France', '51', '4');
insert into Legendary_Drivers values ('Juan Manuel', 'Fangio', 'Maserati', '1911-06-24', '1995-07-17', 'Argentina', '24', '5');
insert into Legendary_Drivers values ('Michael', 'Schumacher', 'Ferrari', '1969-01-03', '0000-00-00', 'Germany', '91', '7');
insert into Legendary_Drivers values ('Ayrton', 'Senna', 'McLaren', '1920-03-23', '1994-05-01', 'Brazil', '41', '4');

insert into Team_Budgets_2020 values ('Scuderia Ferrari Mission Winnow', '4.632');
insert into Team_Budgets_2020 values ('Alfa Romeo Racing Orlen', '1.414');
insert into Team_Budgets_2020 values ('Scuderia AlphaTauri Honda', '1.381');
insert into Team_Budgets_2020 values ('Haas F1 Team', '1.734');
insert into Team_Budgets_2020 values ('McLaren F1 Team', '2.692');
insert into Team_Budgets_2020 values ('Mercedes-AMG Petronas F1 Team', '4.841');
insert into Team_Budgets_2020 values ('BWT Racing Point F1 Team', '1.882');
insert into Team_Budgets_2020 values ('Aston Martin Red Bull Racing', '4.455');
insert into Team_Budgets_2020 values ('Renault DP World F1 Team', '2.729');
insert into Team_Budgets_2020 values (' Williams Racing', '1.329');

